{
  "metrics": {
    "accuracy": 0.9916434540389972,
    "balanced_accuracy": 0.9858885777208509,
    "f1_macro": 0.986732157384507,
    "f1_weighted": 0.9916316687671355
  },
  "confusion_matrix": [
    [
      628,
      3,
      0
    ],
    [
      4,
      141,
      1
    ],
    [
      0,
      1,
      299
    ]
  ]
}